clade,n_pairs,mean_snvs,median_snvs,sd_snvs,p25,p75
2,100233,3973.133289433588,2634,4229.610652280708,1005,5631
